datetime,predicted load,actual load
2018-08-01 23:45:00,408.5758361816406,430.724
2018-08-02 00:00:00,407.2545471191406,425.128
2018-08-02 00:15:00,403.2212219238281,420.892
2018-08-02 00:30:00,396.2842102050781,415.576
2018-08-02 00:45:00,389.57525634765625,411.18800000000016
2018-08-02 01:00:00,388.7128601074219,403.776
2018-08-02 01:15:00,384.5994567871094,403.392
2018-08-02 01:30:00,382.5560302734375,399.696
2018-08-02 01:45:00,376.3185729980469,390.376
2018-08-02 02:00:00,371.3231201171875,390.388
2018-08-02 02:15:00,367.5295715332031,388.24800000000016
2018-08-02 02:30:00,363.1431579589844,390.896
2018-08-02 02:45:00,363.51654052734375,391.332
2018-08-02 03:00:00,353.8224182128906,391.6
2018-08-02 03:15:00,348.78167724609375,387.524
2018-08-02 03:30:00,352.66357421875,384.016
2018-08-02 03:45:00,360.5333251953125,385.508
2018-08-02 04:00:00,365.631103515625,382.936
2018-08-02 04:15:00,365.15533447265625,382.504
2018-08-02 04:30:00,364.76202392578125,383.092
2018-08-02 04:45:00,366.2805480957031,385.932
2018-08-02 05:00:00,367.71331787109375,389.008
2018-08-02 05:15:00,372.7098083496094,394.736
2018-08-02 05:30:00,375.8242492675781,398.0
2018-08-02 05:45:00,381.5607604980469,402.816
2018-08-02 06:00:00,389.4071350097656,414.644
2018-08-02 06:15:00,394.786376953125,433.604
2018-08-02 06:30:00,406.45648193359375,450.432
2018-08-02 06:45:00,408.6866455078125,441.724
2018-08-02 07:00:00,410.47119140625,437.848
2018-08-02 07:15:00,411.202392578125,435.304
2018-08-02 07:30:00,413.07977294921875,439.836
2018-08-02 07:45:00,408.99188232421875,441.316
2018-08-02 08:00:00,402.4701232910156,446.524
2018-08-02 08:15:00,405.6871643066406,446.348
2018-08-02 08:30:00,412.3638000488281,418.352
2018-08-02 08:45:00,418.61895751953125,441.724
2018-08-02 09:00:00,426.2267150878906,448.624
2018-08-02 09:15:00,420.9590759277344,457.98800000000006
2018-08-02 09:30:00,430.9804382324219,469.42800000000005
2018-08-02 09:45:00,435.46221923828125,471.796
2018-08-02 10:00:00,446.6305236816406,471.48800000000006
2018-08-02 10:15:00,446.9953918457031,479.232
2018-08-02 10:30:00,447.2160339355469,482.812
2018-08-02 10:45:00,445.8997802734375,479.388
2018-08-02 11:00:00,446.8883056640625,477.86
2018-08-02 11:15:00,450.13702392578125,412.348
2018-08-02 11:30:00,454.02984619140625,400.36800000000005
2018-08-02 11:45:00,453.1402282714844,439.372
2018-08-02 12:00:00,454.26898193359375,467.02
2018-08-02 12:15:00,452.22064208984375,470.96
2018-08-02 12:30:00,451.0534973144531,470.608
2018-08-02 12:45:00,446.46270751953125,465.24
2018-08-02 13:00:00,441.8869934082031,461.16
2018-08-02 13:15:00,439.0498962402344,461.628
2018-08-02 13:30:00,440.48150634765625,457.768
2018-08-02 13:45:00,433.9198303222656,459.46
2018-08-02 14:00:00,435.1847229003906,461.296
2018-08-02 14:15:00,441.5349426269531,461.04
2018-08-02 14:30:00,442.9401550292969,469.44
2018-08-02 14:45:00,444.6299743652344,461.38
2018-08-02 15:00:00,443.6723937988281,449.804
2018-08-02 15:15:00,439.1264343261719,453.98800000000006
2018-08-02 15:30:00,442.60601806640625,454.8
2018-08-02 15:45:00,442.4399719238281,455.528
2018-08-02 16:00:00,446.0009765625,453.028
2018-08-02 16:15:00,449.0351867675781,451.996
2018-08-02 16:30:00,448.7723388671875,458.948
2018-08-02 16:45:00,448.71917724609375,456.628
2018-08-02 17:00:00,441.3774108886719,451.16
2018-08-02 17:15:00,438.06927490234375,451.38
2018-08-02 17:30:00,445.4383850097656,429.584
2018-08-02 17:45:00,450.42767333984375,444.056
2018-08-02 18:00:00,458.0716247558594,452.828
2018-08-02 18:15:00,460.32525634765625,453.744
2018-08-02 18:30:00,474.74822998046875,464.80800000000005
2018-08-02 18:45:00,486.9115295410156,481.156
2018-08-02 19:00:00,497.99468994140625,498.064
2018-08-02 19:15:00,511.62310791015625,518.14
2018-08-02 19:30:00,523.03759765625,529.724
2018-08-02 19:45:00,527.8978271484375,530.812
2018-08-02 20:00:00,526.7033081054688,527.868
2018-08-02 20:15:00,525.5993041992188,516.456
2018-08-02 20:30:00,519.0010986328125,528.012
2018-08-02 20:45:00,511.54315185546875,512.196
2018-08-02 21:00:00,503.0421142578125,498.008
2018-08-02 21:15:00,500.4320068359375,498.30800000000005
2018-08-02 21:30:00,487.8355712890625,492.048
2018-08-02 21:45:00,482.3232727050781,483.568
2018-08-02 22:00:00,472.06439208984375,481.356
2018-08-02 22:15:00,468.1675109863281,471.004
2018-08-02 22:30:00,458.2409973144531,467.42
2018-08-02 22:45:00,451.5634765625,470.192
2018-08-02 23:00:00,449.1202392578125,462.372
2018-08-02 23:15:00,436.3005065917969,458.556
2018-08-02 23:30:00,431.6211242675781,450.84
2018-08-02 23:45:00,416.72589111328125,420.196
2018-08-03 00:00:00,419.3876647949219,418.252
2018-08-03 00:15:00,408.2212829589844,427.7
2018-08-03 00:30:00,411.19873046875,419.12
2018-08-03 00:45:00,401.46209716796875,410.204
2018-08-03 01:00:00,397.33770751953125,403.712
2018-08-03 01:15:00,393.15606689453125,404.684
2018-08-03 01:30:00,389.81488037109375,403.772
2018-08-03 01:45:00,388.02496337890625,408.36800000000005
2018-08-03 02:00:00,385.546630859375,407.74
2018-08-03 02:15:00,383.69384765625,407.28
2018-08-03 02:30:00,380.1632995605469,405.44
2018-08-03 02:45:00,378.5762023925781,403.932
2018-08-03 03:00:00,378.2838439941406,404.612
2018-08-03 03:15:00,378.1513671875,399.412
2018-08-03 03:30:00,376.9470520019531,393.508
2018-08-03 03:45:00,376.3034362792969,391.58
2018-08-03 04:00:00,376.0530090332031,388.772
2018-08-03 04:15:00,375.74163818359375,390.464
2018-08-03 04:30:00,376.21502685546875,394.24
2018-08-03 04:45:00,376.2236633300781,394.064
2018-08-03 05:00:00,378.3751220703125,392.104
2018-08-03 05:15:00,380.1038818359375,394.24
2018-08-03 05:30:00,386.95281982421875,401.968
2018-08-03 05:45:00,393.01837158203125,407.1
2018-08-03 06:00:00,402.7716064453125,417.68800000000016
2018-08-03 06:15:00,414.62701416015625,424.18800000000016
2018-08-03 06:30:00,424.84722900390625,429.376
2018-08-03 06:45:00,425.9414367675781,463.632
2018-08-03 07:00:00,434.6263427734375,444.272
2018-08-03 07:15:00,436.7060241699219,445.628
2018-08-03 07:30:00,439.3828430175781,446.824
2018-08-03 07:45:00,429.3367614746094,446.62
2018-08-03 08:00:00,432.92926025390625,439.192
2018-08-03 08:15:00,431.4731140136719,423.268
2018-08-03 08:30:00,438.3397216796875,432.128
2018-08-03 08:45:00,444.4488525390625,439.504
2018-08-03 09:00:00,448.32781982421875,444.596
2018-08-03 09:15:00,451.260498046875,460.836
2018-08-03 09:30:00,463.3702392578125,468.912
2018-08-03 09:45:00,467.170654296875,473.06
2018-08-03 10:00:00,470.0780944824219,474.608
2018-08-03 10:15:00,470.8552551269531,473.84
2018-08-03 10:30:00,469.5578308105469,466.68800000000016
2018-08-03 10:45:00,470.2415466308594,468.836
2018-08-03 11:00:00,473.56805419921875,480.576
2018-08-03 11:15:00,469.8402099609375,469.364
2018-08-03 11:30:00,474.74676513671875,471.952
2018-08-03 11:45:00,472.2138671875,469.788
2018-08-03 12:00:00,467.94451904296875,476.276
2018-08-03 12:15:00,469.2073974609375,476.3
2018-08-03 12:30:00,469.44830322265625,459.708
2018-08-03 12:45:00,471.4530029296875,457.532
2018-08-03 13:00:00,465.8577880859375,466.756
2018-08-03 13:15:00,458.61492919921875,459.536
2018-08-03 13:30:00,457.93792724609375,461.468
2018-08-03 13:45:00,461.0104675292969,459.444
2018-08-03 14:00:00,464.0763244628906,460.004
2018-08-03 14:15:00,460.2996520996094,453.82
2018-08-03 14:30:00,462.2213439941406,443.98
2018-08-03 14:45:00,463.2266540527344,426.46
2018-08-03 15:00:00,463.9095153808594,445.34
2018-08-03 15:15:00,462.0486755371094,439.716
2018-08-03 15:30:00,461.6819763183594,447.628
2018-08-03 15:45:00,460.916015625,468.96
2018-08-03 16:00:00,462.791259765625,478.344
2018-08-03 16:15:00,462.88031005859375,478.768
2018-08-03 16:30:00,457.5624084472656,485.356
2018-08-03 16:45:00,454.9432067871094,483.812
2018-08-03 17:00:00,458.4111633300781,478.304
2018-08-03 17:15:00,457.3748474121094,478.876
2018-08-03 17:30:00,460.94512939453125,479.572
2018-08-03 17:45:00,462.4167175292969,483.084
2018-08-03 18:00:00,461.9241943359375,484.824
2018-08-03 18:15:00,456.52032470703125,488.08
2018-08-03 18:30:00,462.66583251953125,501.892
2018-08-03 18:45:00,479.08709716796875,516.556
2018-08-03 19:00:00,493.8864440917969,530.5840000000002
2018-08-03 19:15:00,508.50079345703125,547.78
2018-08-03 19:30:00,520.38134765625,559.664
2018-08-03 19:45:00,522.2869262695312,565.524
2018-08-03 20:00:00,521.7084350585938,563.004
2018-08-03 20:15:00,518.51171875,559.28
2018-08-03 20:30:00,514.2374267578125,554.02
2018-08-03 20:45:00,507.8288879394531,573.732
2018-08-03 21:00:00,496.5711975097656,543.58
2018-08-03 21:15:00,496.13690185546875,534.68
2018-08-03 21:30:00,488.9847106933594,526.092
2018-08-03 21:45:00,476.952392578125,523.2040000000002
2018-08-03 22:00:00,471.6588134765625,519.2959999999998
2018-08-03 22:15:00,471.10333251953125,508.952
2018-08-03 22:30:00,466.2973327636719,506.712
2018-08-03 22:45:00,464.12969970703125,501.244
2018-08-03 23:00:00,456.8359375,494.736
2018-08-03 23:15:00,447.4279479980469,490.044
2018-08-03 23:30:00,441.11859130859375,467.544
2018-08-03 23:45:00,434.05938720703125,460.944
2018-08-04 00:00:00,431.3507385253906,455.924
2018-08-04 00:15:00,416.0001220703125,451.384
2018-08-04 00:30:00,411.9830322265625,439.952
2018-08-04 00:45:00,407.84130859375,440.628
2018-08-04 01:00:00,405.7444763183594,440.284
2018-08-04 01:15:00,401.16790771484375,431.792
2018-08-04 01:30:00,399.021728515625,428.124
2018-08-04 01:45:00,396.441650390625,428.156
2018-08-04 02:00:00,397.34613037109375,422.24
2018-08-04 02:15:00,397.5087890625,418.672
2018-08-04 02:30:00,396.3524475097656,412.7
2018-08-04 02:45:00,396.0212707519531,411.964
2018-08-04 03:00:00,394.9082336425781,415.128
2018-08-04 03:15:00,391.8025817871094,415.38
2018-08-04 03:30:00,390.9201354980469,415.292
2018-08-04 03:45:00,390.7364196777344,413.084
2018-08-04 04:00:00,389.6704406738281,413.584
2018-08-04 04:15:00,386.8483581542969,411.812
2018-08-04 04:30:00,386.32464599609375,409.036
2018-08-04 04:45:00,386.9354248046875,403.644
2018-08-04 05:00:00,390.6480407714844,404.208
2018-08-04 05:15:00,393.724853515625,410.736
2018-08-04 05:30:00,395.7650451660156,411.656
2018-08-04 05:45:00,399.2303771972656,416.86
2018-08-04 06:00:00,411.92657470703125,429.064
2018-08-04 06:15:00,420.4311828613281,434.332
2018-08-04 06:30:00,431.3670654296875,440.096
2018-08-04 06:45:00,432.2914123535156,443.196
2018-08-04 07:00:00,437.56640625,432.108
2018-08-04 07:15:00,441.6184997558594,416.216
2018-08-04 07:30:00,438.24163818359375,431.9
2018-08-04 07:45:00,434.7969055175781,437.044
2018-08-04 08:00:00,432.9913635253906,442.96
2018-08-04 08:15:00,435.23065185546875,421.072
2018-08-04 08:30:00,442.4438781738281,445.572
2018-08-04 08:45:00,445.39764404296875,451.164
2018-08-04 09:00:00,449.4889831542969,455.864
2018-08-04 09:15:00,451.583251953125,461.028
2018-08-04 09:30:00,460.1947021484375,471.828
2018-08-04 09:45:00,464.4122619628906,479.12
2018-08-04 10:00:00,465.3375549316406,479.944
2018-08-04 10:15:00,470.6609191894531,485.372
2018-08-04 10:30:00,467.3970947265625,485.228
2018-08-04 10:45:00,467.82568359375,488.472
2018-08-04 11:00:00,468.6850280761719,497.64
2018-08-04 11:15:00,468.36968994140625,496.212
2018-08-04 11:30:00,469.97283935546875,497.52
2018-08-04 11:45:00,472.6567077636719,492.204
2018-08-04 12:00:00,466.00238037109375,489.616
2018-08-04 12:15:00,465.4963684082031,489.492
2018-08-04 12:30:00,465.60302734375,485.836
2018-08-04 12:45:00,468.7827453613281,481.58
2018-08-04 13:00:00,462.4511413574219,475.42
2018-08-04 13:15:00,456.43255615234375,478.8
2018-08-04 13:30:00,454.7754821777344,480.164
2018-08-04 13:45:00,451.61639404296875,477.492
2018-08-04 14:00:00,448.77642822265625,477.36
2018-08-04 14:15:00,448.7259216308594,473.328
2018-08-04 14:30:00,449.73468017578125,479.904
2018-08-04 14:45:00,444.6972961425781,481.336
2018-08-04 15:00:00,450.7187194824219,479.312
2018-08-04 15:15:00,446.3741760253906,460.004
2018-08-04 15:30:00,442.17962646484375,458.788
2018-08-04 15:45:00,445.7891845703125,450.372
2018-08-04 16:00:00,453.10040283203125,439.364
2018-08-04 16:15:00,453.263671875,424.316
2018-08-04 16:30:00,456.50262451171875,422.844
2018-08-04 16:45:00,456.7762145996094,426.672
2018-08-04 17:00:00,461.5907897949219,436.484
2018-08-04 17:15:00,455.8835144042969,440.464
2018-08-04 17:30:00,464.0310363769531,468.24800000000016
2018-08-04 17:45:00,463.44525146484375,452.656
2018-08-04 18:00:00,471.1544494628906,452.616
2018-08-04 18:15:00,475.5798645019531,454.852
2018-08-04 18:30:00,488.8337097167969,461.716
2018-08-04 18:45:00,495.3240966796875,470.116
2018-08-04 19:00:00,515.8567504882812,485.484
2018-08-04 19:15:00,523.8229370117188,499.02
2018-08-04 19:30:00,534.2071533203125,517.744
2018-08-04 19:45:00,538.9240112304688,526.9680000000002
2018-08-04 20:00:00,543.4415893554688,531.372
2018-08-04 20:15:00,541.4461059570312,531.3919999999998
2018-08-04 20:30:00,538.5171508789062,526.86
2018-08-04 20:45:00,534.9124145507812,514.924
2018-08-04 21:00:00,527.8033447265625,513.536
2018-08-04 21:15:00,526.3602294921875,507.44
2018-08-04 21:30:00,521.0430908203125,502.436
2018-08-04 21:45:00,512.0755004882812,500.74800000000016
2018-08-04 22:00:00,503.1882019042969,489.584
2018-08-04 22:15:00,493.9918212890625,481.244
2018-08-04 22:30:00,484.476318359375,479.708
2018-08-04 22:45:00,485.2143249511719,476.156
2018-08-04 23:00:00,478.5107116699219,465.924
2018-08-04 23:15:00,475.8907165527344,457.856
2018-08-04 23:30:00,474.097412109375,454.608
2018-08-04 23:45:00,459.0107116699219,447.924
2018-08-05 00:00:00,443.44049072265625,438.232
2018-08-05 00:15:00,433.9096984863281,434.16
2018-08-05 00:30:00,429.8595275878906,425.12
2018-08-05 00:45:00,421.7892150878906,414.468
2018-08-05 01:00:00,419.66119384765625,410.416
2018-08-05 01:15:00,416.06878662109375,407.668
2018-08-05 01:30:00,416.1069641113281,403.24
2018-08-05 01:45:00,411.3320007324219,407.98800000000006
2018-08-05 02:00:00,409.9717102050781,407.472
2018-08-05 02:15:00,406.70721435546875,402.80800000000005
2018-08-05 02:30:00,407.1212463378906,399.1
2018-08-05 02:45:00,407.14422607421875,394.072
2018-08-05 03:00:00,408.59649658203125,391.716
2018-08-05 03:15:00,407.9456481933594,397.316
2018-08-05 03:30:00,407.37261962890625,396.42
2018-08-05 03:45:00,404.686279296875,391.512
2018-08-05 04:00:00,402.34625244140625,388.536
2018-08-05 04:15:00,400.28167724609375,388.944
2018-08-05 04:30:00,399.0642395019531,385.324
2018-08-05 04:45:00,398.6851806640625,385.144
2018-08-05 05:00:00,397.4288635253906,378.14
2018-08-05 05:15:00,400.3070068359375,376.356
2018-08-05 05:30:00,401.1495056152344,379.424
2018-08-05 05:45:00,407.0991516113281,381.968
2018-08-05 06:00:00,409.6681823730469,390.836
2018-08-05 06:15:00,408.7143249511719,389.672
2018-08-05 06:30:00,408.1333923339844,387.14
2018-08-05 06:45:00,409.8066711425781,383.408
2018-08-05 07:00:00,407.2140197753906,390.156
2018-08-05 07:15:00,404.77484130859375,395.156
2018-08-05 07:30:00,404.7839660644531,391.58
2018-08-05 07:45:00,398.1876525878906,396.484
2018-08-05 08:00:00,407.2642517089844,377.952
2018-08-05 08:15:00,408.6115417480469,381.568
2018-08-05 08:30:00,415.3295593261719,389.208
2018-08-05 08:45:00,405.0830383300781,384.92800000000005
2018-08-05 09:00:00,407.662353515625,383.196
2018-08-05 09:15:00,410.7732849121094,377.36
2018-08-05 09:30:00,410.3949279785156,378.096
2018-08-05 09:45:00,414.1820373535156,382.932
2018-08-05 10:00:00,422.8063049316406,405.86
2018-08-05 10:15:00,422.7859191894531,371.048
2018-08-05 10:30:00,433.70867919921875,382.052
2018-08-05 10:45:00,437.9464416503906,382.332
2018-08-05 11:00:00,437.1549377441406,391.044
2018-08-05 11:15:00,437.4385986328125,401.576
2018-08-05 11:30:00,444.92425537109375,402.852
2018-08-05 11:45:00,438.6723327636719,397.184
2018-08-05 12:00:00,436.1326904296875,393.512
2018-08-05 12:15:00,435.6507873535156,383.58
2018-08-05 12:30:00,442.66461181640625,386.608
2018-08-05 12:45:00,443.6410217285156,381.148
2018-08-05 13:00:00,437.177490234375,380.24800000000016
2018-08-05 13:15:00,431.7090759277344,378.256
2018-08-05 13:30:00,424.5613098144531,374.372
2018-08-05 13:45:00,423.8348388671875,375.528
2018-08-05 14:00:00,423.23260498046875,371.852
2018-08-05 14:15:00,422.1676330566406,369.852
2018-08-05 14:30:00,421.5225524902344,364.288
2018-08-05 14:45:00,416.3964538574219,359.348
2018-08-05 15:00:00,407.7406005859375,358.9
2018-08-05 15:15:00,398.5099792480469,351.208
2018-08-05 15:30:00,393.37957763671875,345.30400000000014
2018-08-05 15:45:00,387.3793640136719,349.732
2018-08-05 16:00:00,398.0250549316406,354.108
2018-08-05 16:15:00,397.70062255859375,358.34
2018-08-05 16:30:00,395.1163024902344,362.224
2018-08-05 16:45:00,395.199951171875,361.98800000000006
2018-08-05 17:00:00,395.064697265625,364.156
2018-08-05 17:15:00,403.0075988769531,369.356
2018-08-05 17:30:00,399.0072326660156,368.592
2018-08-05 17:45:00,392.5235595703125,353.212
2018-08-05 18:00:00,400.2589416503906,386.7
2018-08-05 18:15:00,393.8949279785156,398.736
2018-08-05 18:30:00,398.06304931640625,410.62
2018-08-05 18:45:00,415.6897888183594,421.444
2018-08-05 19:00:00,430.31658935546875,428.876
2018-08-05 19:15:00,448.0015563964844,436.004
2018-08-05 19:30:00,459.7102966308594,448.58
2018-08-05 19:45:00,472.52984619140625,445.412
2018-08-05 20:00:00,482.96795654296875,392.516
2018-08-05 20:15:00,490.8888244628906,438.564
2018-08-05 20:30:00,493.35601806640625,482.584
2018-08-05 20:45:00,492.43414306640625,481.896
2018-08-05 21:00:00,484.0092468261719,463.128
2018-08-05 21:15:00,479.2340087890625,454.212
2018-08-05 21:30:00,470.783203125,453.3
2018-08-05 21:45:00,468.71527099609375,450.964
2018-08-05 22:00:00,466.1233215332031,451.708
2018-08-05 22:15:00,462.1474914550781,432.976
2018-08-05 22:30:00,457.6112365722656,418.42
2018-08-05 22:45:00,452.0604553222656,425.512
2018-08-05 23:00:00,446.057373046875,418.636
2018-08-05 23:15:00,445.9685974121094,410.492
2018-08-05 23:30:00,439.7545471191406,398.884
2018-08-05 23:45:00,435.2280578613281,384.208
2018-08-06 00:00:00,421.2515563964844,383.556
2018-08-06 00:15:00,412.1441955566406,381.3
2018-08-06 00:30:00,403.34320068359375,381.328
2018-08-06 00:45:00,400.86541748046875,373.924
2018-08-06 01:00:00,396.0867614746094,373.212
2018-08-06 01:15:00,392.3960266113281,373.028
2018-08-06 01:30:00,390.5506286621094,370.228
2018-08-06 01:45:00,386.03863525390625,366.032
2018-08-06 02:00:00,381.1566162109375,360.2
2018-08-06 02:15:00,377.6070861816406,355.86400000000015
2018-08-06 02:30:00,376.6705322265625,355.74
2018-08-06 02:45:00,376.1416015625,354.464
2018-08-06 03:00:00,374.7171630859375,357.10400000000016
2018-08-06 03:15:00,371.8528747558594,353.652
2018-08-06 03:30:00,370.43890380859375,352.088
2018-08-06 03:45:00,369.9203186035156,349.46
2018-08-06 04:00:00,369.428955078125,351.24
2018-08-06 04:15:00,368.3770751953125,350.644
2018-08-06 04:30:00,367.4509582519531,352.468
2018-08-06 04:45:00,367.2911376953125,349.04
2018-08-06 05:00:00,368.92620849609375,350.88800000000015
2018-08-06 05:15:00,373.9679260253906,358.34
2018-08-06 05:30:00,381.0269775390625,365.524
2018-08-06 05:45:00,384.789794921875,364.804
2018-08-06 06:00:00,396.56072998046875,375.408
2018-08-06 06:15:00,404.7842102050781,387.544
2018-08-06 06:30:00,414.0220031738281,398.924
2018-08-06 06:45:00,416.83477783203125,403.132
2018-08-06 07:00:00,417.6504821777344,404.36800000000005
2018-08-06 07:15:00,418.18536376953125,408.384
2018-08-06 07:30:00,418.3760986328125,401.828
2018-08-06 07:45:00,414.8482360839844,388.976
2018-08-06 08:00:00,409.30731201171875,384.852
2018-08-06 08:15:00,412.4540100097656,427.168
2018-08-06 08:30:00,422.1714782714844,416.796
2018-08-06 08:45:00,430.7724304199219,431.564
2018-08-06 09:00:00,432.36822509765625,441.064
2018-08-06 09:15:00,444.1647644042969,445.456
2018-08-06 09:30:00,452.301513671875,457.344
2018-08-06 09:45:00,455.83221435546875,461.2
2018-08-06 10:00:00,457.7085266113281,457.752
2018-08-06 10:15:00,466.6204833984375,466.476
2018-08-06 10:30:00,468.34600830078125,464.884
2018-08-06 10:45:00,472.774169921875,467.792
2018-08-06 11:00:00,473.62750244140625,471.396
2018-08-06 11:15:00,473.94000244140625,477.06
2018-08-06 11:30:00,471.66888427734375,481.628
2018-08-06 11:45:00,470.07647705078125,472.48800000000006
2018-08-06 12:00:00,466.7396240234375,465.952
2018-08-06 12:15:00,462.3815612792969,470.116
2018-08-06 12:30:00,461.6163024902344,460.86800000000005
2018-08-06 12:45:00,461.061767578125,470.852
2018-08-06 13:00:00,457.4611511230469,470.676
2018-08-06 13:15:00,452.59710693359375,461.86800000000005
2018-08-06 13:30:00,452.1304626464844,461.076
2018-08-06 13:45:00,444.9382629394531,450.512
2018-08-06 14:00:00,447.2939147949219,457.68
2018-08-06 14:15:00,449.2256774902344,438.244
2018-08-06 14:30:00,447.24078369140625,438.592
2018-08-06 14:45:00,447.2693786621094,424.556
2018-08-06 15:00:00,447.5401306152344,424.936
2018-08-06 15:15:00,451.35211181640625,428.268
2018-08-06 15:30:00,446.5098876953125,428.364
2018-08-06 15:45:00,442.72760009765625,420.236
2018-08-06 16:00:00,444.1377258300781,423.296
2018-08-06 16:15:00,442.0364685058594,420.612
2018-08-06 16:30:00,440.97320556640625,425.068
2018-08-06 16:45:00,442.7633056640625,432.336
2018-08-06 17:00:00,444.4518127441406,428.176
2018-08-06 17:15:00,447.1926574707031,438.504
2018-08-06 17:30:00,452.19140625,454.524
2018-08-06 17:45:00,452.5372314453125,456.228
2018-08-06 18:00:00,456.0632019042969,448.292
2018-08-06 18:15:00,463.4283447265625,457.952
2018-08-06 18:30:00,466.0196838378906,476.98
2018-08-06 18:45:00,488.4775085449219,486.916
2018-08-06 19:00:00,500.8477783203125,499.392
2018-08-06 19:15:00,514.272216796875,511.3
2018-08-06 19:30:00,530.0189819335938,518.448
2018-08-06 19:45:00,535.0731811523438,527.52
2018-08-06 20:00:00,537.4727783203125,527.648
2018-08-06 20:15:00,537.1870727539062,526.46
2018-08-06 20:30:00,526.7771606445312,517.18
2018-08-06 20:45:00,524.73876953125,533.072
2018-08-06 21:00:00,515.481201171875,510.228
2018-08-06 21:15:00,508.9275207519531,504.496
2018-08-06 21:30:00,503.46978759765625,504.528
2018-08-06 21:45:00,495.3027038574219,495.74800000000016
2018-08-06 22:00:00,486.44061279296875,496.644
2018-08-06 22:15:00,476.0712585449219,490.892
2018-08-06 22:30:00,476.4007568359375,479.268
2018-08-06 22:45:00,470.7109069824219,470.92800000000005
2018-08-06 23:00:00,465.74169921875,464.452
2018-08-06 23:15:00,453.73162841796875,457.516
2018-08-06 23:30:00,447.4913635253906,451.696
2018-08-06 23:45:00,433.9175720214844,444.764
2018-08-07 00:00:00,425.58953857421875,436.956
2018-08-07 00:15:00,417.45904541015625,429.12
2018-08-07 00:30:00,412.1056823730469,427.732
2018-08-07 00:45:00,406.7218017578125,417.948
2018-08-07 01:00:00,402.115966796875,414.5
2018-08-07 01:15:00,398.51129150390625,411.268
2018-08-07 01:30:00,394.7646789550781,408.056
2018-08-07 01:45:00,393.0707092285156,408.068
2018-08-07 02:00:00,391.7081604003906,403.82
2018-08-07 02:15:00,387.5333557128906,398.9
2018-08-07 02:30:00,387.98284912109375,398.24800000000016
2018-08-07 02:45:00,387.2679138183594,396.8
2018-08-07 03:00:00,386.962646484375,395.092
2018-08-07 03:15:00,386.01898193359375,393.052
2018-08-07 03:30:00,386.3143005371094,390.564
2018-08-07 03:45:00,385.4917297363281,385.84
2018-08-07 04:00:00,382.8408508300781,385.072
2018-08-07 04:15:00,381.1459045410156,386.068
2018-08-07 04:30:00,380.1842956542969,388.252
2018-08-07 04:45:00,379.96905517578125,389.048
2018-08-07 05:00:00,381.01641845703125,393.86800000000005
2018-08-07 05:15:00,382.05908203125,391.548
2018-08-07 05:30:00,386.9488525390625,396.796
2018-08-07 05:45:00,392.8185729980469,403.648
2018-08-07 06:00:00,400.8678894042969,411.052
2018-08-07 06:15:00,406.6630859375,421.764
2018-08-07 06:30:00,410.0150146484375,430.98800000000006
2018-08-07 06:45:00,414.9178161621094,434.86
2018-08-07 07:00:00,415.943115234375,437.88
2018-08-07 07:15:00,414.8047180175781,457.44
2018-08-07 07:30:00,410.9594421386719,449.532
2018-08-07 07:45:00,412.1652526855469,451.108
2018-08-07 08:00:00,413.0823059082031,436.232
2018-08-07 08:15:00,413.1832275390625,438.896
2018-08-07 08:30:00,423.8356628417969,461.36800000000005
2018-08-07 08:45:00,434.9505920410156,464.56
2018-08-07 09:00:00,442.4814453125,467.172
2018-08-07 09:15:00,449.1407470703125,481.096
2018-08-07 09:30:00,459.7638244628906,488.66
2018-08-07 09:45:00,466.30828857421875,482.396
2018-08-07 10:00:00,470.50140380859375,487.792
2018-08-07 10:15:00,474.340576171875,493.796
2018-08-07 10:30:00,472.9804382324219,490.5
2018-08-07 10:45:00,476.3373107910156,485.272
2018-08-07 11:00:00,477.65496826171875,479.784
2018-08-07 11:15:00,473.6351013183594,477.608
2018-08-07 11:30:00,475.4531555175781,484.644
2018-08-07 11:45:00,471.60260009765625,477.292
2018-08-07 12:00:00,473.98394775390625,483.164
2018-08-07 12:15:00,476.32305908203125,478.172
2018-08-07 12:30:00,476.85211181640625,478.108
2018-08-07 12:45:00,473.50482177734375,475.78
2018-08-07 13:00:00,469.01593017578125,478.504
2018-08-07 13:15:00,466.9754638671875,479.656
2018-08-07 13:30:00,460.5505676269531,470.72
2018-08-07 13:45:00,460.67889404296875,476.284
2018-08-07 14:00:00,458.17401123046875,478.744
2018-08-07 14:15:00,456.2570495605469,473.204
2018-08-07 14:30:00,458.7833557128906,475.8
2018-08-07 14:45:00,453.91259765625,477.348
2018-08-07 15:00:00,448.948486328125,470.624
2018-08-07 15:15:00,445.3697509765625,470.244
2018-08-07 15:30:00,440.61090087890625,456.124
2018-08-07 15:45:00,441.0784606933594,453.636
2018-08-07 16:00:00,444.80059814453125,468.016
2018-08-07 16:15:00,442.71710205078125,472.1
2018-08-07 16:30:00,443.2090759277344,476.72
2018-08-07 16:45:00,442.4807434082031,473.108
2018-08-07 17:00:00,450.3069152832031,476.92800000000005
2018-08-07 17:15:00,456.92626953125,477.648
2018-08-07 17:30:00,460.8095703125,477.776
2018-08-07 17:45:00,460.0267028808594,481.952
2018-08-07 18:00:00,464.4891052246094,478.992
2018-08-07 18:15:00,472.3627014160156,481.944
2018-08-07 18:30:00,478.4665832519531,498.348
2018-08-07 18:45:00,487.68731689453125,511.92800000000005
2018-08-07 19:00:00,502.551025390625,525.3240000000002
2018-08-07 19:15:00,511.9305725097656,548.612
2018-08-07 19:30:00,526.95751953125,565.76
2018-08-07 19:45:00,526.3946533203125,570.484
2018-08-07 20:00:00,525.9502563476562,571.5319999999998
2018-08-07 20:15:00,522.282958984375,561.764
2018-08-07 20:30:00,518.9442138671875,532.256
2018-08-07 20:45:00,511.3070068359375,527.076
2018-08-07 21:00:00,502.65283203125,553.344
2018-08-07 21:15:00,500.5537109375,536.804
2018-08-07 21:30:00,495.2803039550781,522.36
2018-08-07 21:45:00,486.6477355957031,514.48
2018-08-07 22:00:00,483.315185546875,510.888
2018-08-07 22:15:00,477.8380432128906,498.216
2018-08-07 22:30:00,469.72943115234375,491.62
2018-08-07 22:45:00,464.95416259765625,483.772
2018-08-07 23:00:00,456.9754638671875,464.828
2018-08-07 23:15:00,449.6543884277344,461.736
2018-08-07 23:30:00,441.1685485839844,459.204
2018-08-07 23:45:00,436.1177978515625,444.68800000000016
2018-08-08 00:00:00,418.5613708496094,439.164
2018-08-08 00:15:00,415.6059875488281,436.516
2018-08-08 00:30:00,409.1279602050781,429.776
2018-08-08 00:45:00,406.95745849609375,431.048
2018-08-08 01:00:00,403.3575439453125,429.556
2018-08-08 01:15:00,401.16754150390625,425.236
2018-08-08 01:30:00,398.5141906738281,423.168
2018-08-08 01:45:00,395.11962890625,423.816
2018-08-08 02:00:00,393.22894287109375,413.284
2018-08-08 02:15:00,389.68511962890625,413.68
2018-08-08 02:30:00,387.65692138671875,413.712
2018-08-08 02:45:00,385.4412841796875,406.552
2018-08-08 03:00:00,383.9901123046875,404.884
2018-08-08 03:15:00,381.6363220214844,406.44
2018-08-08 03:30:00,380.8166198730469,402.74800000000016
2018-08-08 03:45:00,378.05645751953125,400.096
2018-08-08 04:00:00,374.4884338378906,401.936
2018-08-08 04:15:00,376.3133239746094,404.204
2018-08-08 04:30:00,374.829833984375,401.036
2018-08-08 04:45:00,374.5721740722656,399.764
2018-08-08 05:00:00,375.451171875,399.648
2018-08-08 05:15:00,377.35546875,403.888
2018-08-08 05:30:00,384.57122802734375,408.38
2018-08-08 05:45:00,393.57122802734375,419.16
2018-08-08 06:00:00,405.827392578125,426.94
2018-08-08 06:15:00,416.17449951171875,437.068
2018-08-08 06:30:00,427.2596435546875,449.948
2018-08-08 06:45:00,423.67913818359375,456.336
2018-08-08 07:00:00,431.34747314453125,455.076
2018-08-08 07:15:00,433.3781433105469,454.348
2018-08-08 07:30:00,432.82672119140625,450.328
2018-08-08 07:45:00,436.24420166015625,449.652
2018-08-08 08:00:00,442.2077331542969,442.832
2018-08-08 08:15:00,436.7568054199219,450.624
2018-08-08 08:30:00,445.61688232421875,461.312
2018-08-08 08:45:00,450.00830078125,454.888
2018-08-08 09:00:00,460.8828430175781,465.588
2018-08-08 09:15:00,465.96844482421875,484.572
2018-08-08 09:30:00,470.0516662597656,516.4159999999998
2018-08-08 09:45:00,474.5489196777344,498.18800000000016
2018-08-08 10:00:00,482.7209167480469,505.664
2018-08-08 10:15:00,482.2293701171875,498.82
2018-08-08 10:30:00,479.3608093261719,495.46
2018-08-08 10:45:00,476.50579833984375,497.052
2018-08-08 11:00:00,476.48590087890625,501.32
2018-08-08 11:15:00,475.87994384765625,489.84
2018-08-08 11:30:00,476.392333984375,486.908
2018-08-08 11:45:00,473.5029602050781,495.844
2018-08-08 12:00:00,476.06658935546875,498.78
2018-08-08 12:15:00,475.0232849121094,485.916
2018-08-08 12:30:00,474.6269836425781,432.364
2018-08-08 12:45:00,473.5002746582031,432.74800000000016
2018-08-08 13:00:00,469.64398193359375,472.24
2018-08-08 13:15:00,469.0050964355469,453.852
2018-08-08 13:30:00,466.5639953613281,449.116
2018-08-08 13:45:00,467.09515380859375,456.648
2018-08-08 14:00:00,468.3519287109375,468.744
2018-08-08 14:15:00,469.43798828125,470.74
2018-08-08 14:30:00,466.1772766113281,476.252
2018-08-08 14:45:00,464.2862548828125,470.092
2018-08-08 15:00:00,462.89727783203125,475.348
2018-08-08 15:15:00,460.0619201660156,464.888
2018-08-08 15:30:00,461.9197082519531,468.68
2018-08-08 15:45:00,459.20819091796875,458.172
2018-08-08 16:00:00,459.7999572753906,451.464
2018-08-08 16:15:00,460.1571044921875,452.772
2018-08-08 16:30:00,463.8799743652344,464.608
2018-08-08 16:45:00,465.9239501953125,470.7
2018-08-08 17:00:00,466.4420471191406,465.244
2018-08-08 17:15:00,468.3388977050781,468.84
2018-08-08 17:30:00,468.8474426269531,461.116
2018-08-08 17:45:00,464.1977844238281,467.424
2018-08-08 18:00:00,469.1955871582031,471.204
2018-08-08 18:15:00,466.2071228027344,469.436
2018-08-08 18:30:00,480.636474609375,484.592
2018-08-08 18:45:00,496.8473205566406,498.42800000000005
2018-08-08 19:00:00,520.378173828125,518.344
2018-08-08 19:15:00,543.2385864257812,535.184
2018-08-08 19:30:00,546.6533203125,540.472
2018-08-08 19:45:00,538.6488647460938,550.16
2018-08-08 20:00:00,539.243896484375,567.312
2018-08-08 20:15:00,539.9483032226562,557.072
2018-08-08 20:30:00,544.2338256835938,543.832
2018-08-08 20:45:00,535.5712280273438,545.116
2018-08-08 21:00:00,527.8536376953125,529.7719999999998
2018-08-08 21:15:00,510.8815612792969,511.012
2018-08-08 21:30:00,505.650634765625,504.508
2018-08-08 21:45:00,506.39837646484375,519.9119999999998
2018-08-08 22:00:00,494.41705322265625,510.568
2018-08-08 22:15:00,489.8444519042969,499.504
2018-08-08 22:30:00,482.2697448730469,496.284
2018-08-08 22:45:00,473.60186767578125,484.796
2018-08-08 23:00:00,470.2158508300781,470.268
2018-08-08 23:15:00,464.5365905761719,460.56
2018-08-08 23:30:00,455.5339660644531,455.804
2018-08-08 23:45:00,445.43548583984375,448.172
2018-08-09 00:00:00,436.7811279296875,441.468
2018-08-09 00:15:00,436.85394287109375,438.016
2018-08-09 00:30:00,429.13604736328125,432.036
2018-08-09 00:45:00,433.2530822753906,424.452
2018-08-09 01:00:00,426.6434631347656,419.3
2018-08-09 01:15:00,421.103515625,410.832
2018-08-09 01:30:00,418.0052795410156,414.78
2018-08-09 01:45:00,411.3787841796875,413.0
2018-08-09 02:00:00,408.7612609863281,412.148
2018-08-09 02:15:00,404.02435302734375,404.68800000000016
2018-08-09 02:30:00,401.45904541015625,403.716
2018-08-09 02:45:00,399.03680419921875,406.996
2018-08-09 03:00:00,399.18414306640625,407.708
2018-08-09 03:15:00,395.978515625,401.104
2018-08-09 03:30:00,393.6830139160156,396.608
2018-08-09 03:45:00,392.6263732910156,392.068
2018-08-09 04:00:00,391.11279296875,394.684
2018-08-09 04:15:00,389.29779052734375,397.94
2018-08-09 04:30:00,389.8802185058594,403.548
2018-08-09 04:45:00,392.1273193359375,416.324
2018-08-09 05:00:00,395.4895935058594,412.052
2018-08-09 05:15:00,398.3885803222656,414.964
2018-08-09 05:30:00,407.9732971191406,425.416
2018-08-09 05:45:00,419.8739318847656,431.448
2018-08-09 06:00:00,427.2066650390625,442.524
2018-08-09 06:15:00,434.00238037109375,446.3
2018-08-09 06:30:00,441.1026611328125,449.532
2018-08-09 06:45:00,446.13922119140625,454.556
2018-08-09 07:00:00,446.96728515625,460.252
2018-08-09 07:15:00,449.0938415527344,458.484
2018-08-09 07:30:00,448.83221435546875,452.18800000000016
2018-08-09 07:45:00,447.34051513671875,444.24
2018-08-09 08:00:00,443.5636901855469,447.728
2018-08-09 08:15:00,449.5995788574219,456.092
2018-08-09 08:30:00,455.7283630371094,456.42
2018-08-09 08:45:00,460.944580078125,459.3
2018-08-09 09:00:00,470.2200012207031,453.908
2018-08-09 09:15:00,475.3943786621094,470.212
2018-08-09 09:30:00,480.6351013183594,484.028
2018-08-09 09:45:00,487.73809814453125,480.764
2018-08-09 10:00:00,496.7665710449219,490.88
2018-08-09 10:15:00,492.7395935058594,493.436
2018-08-09 10:30:00,479.8769226074219,489.636
2018-08-09 10:45:00,474.3826904296875,477.648
2018-08-09 11:00:00,475.677001953125,485.976
2018-08-09 11:15:00,478.3874206542969,477.224
2018-08-09 11:30:00,483.8409423828125,484.86
2018-08-09 11:45:00,476.08013916015625,490.776
2018-08-09 12:00:00,463.9097900390625,495.008
2018-08-09 12:15:00,463.4124755859375,493.288
2018-08-09 12:30:00,468.5491943359375,485.924
2018-08-09 12:45:00,469.5362243652344,478.336
2018-08-09 13:00:00,465.6641845703125,468.552
2018-08-09 13:15:00,456.5118103027344,463.132
2018-08-09 13:30:00,458.9125061035156,463.588
2018-08-09 13:45:00,464.5942687988281,457.36
2018-08-09 14:00:00,469.25177001953125,467.152
2018-08-09 14:15:00,464.9927978515625,467.664
2018-08-09 14:30:00,468.0987854003906,473.264
2018-08-09 14:45:00,465.4147644042969,479.236
2018-08-09 15:00:00,465.87408447265625,476.012
2018-08-09 15:15:00,461.6687316894531,473.316
2018-08-09 15:30:00,458.77557373046875,477.42800000000005
2018-08-09 15:45:00,454.6354064941406,469.2
2018-08-09 16:00:00,460.09735107421875,463.616
2018-08-09 16:15:00,456.85650634765625,458.42
2018-08-09 16:30:00,454.12799072265625,455.724
2018-08-09 16:45:00,447.29071044921875,462.212
2018-08-09 17:00:00,446.7769775390625,468.864
2018-08-09 17:15:00,452.63873291015625,475.4
2018-08-09 17:30:00,453.6177062988281,453.604
2018-08-09 17:45:00,451.3195495605469,453.228
2018-08-09 18:00:00,464.3265686035156,465.064
2018-08-09 18:15:00,459.4598083496094,474.756
2018-08-09 18:30:00,476.74432373046875,484.468
2018-08-09 18:45:00,493.525634765625,497.484
2018-08-09 19:00:00,508.93463134765625,511.016
2018-08-09 19:15:00,530.8400268554688,529.828
2018-08-09 19:30:00,540.1932373046875,555.5880000000002
2018-08-09 19:45:00,538.7124633789062,567.452
2018-08-09 20:00:00,538.5842895507812,565.2959999999998
2018-08-09 20:15:00,533.2338256835938,557.744
2018-08-09 20:30:00,531.1691284179688,553.264
2018-08-09 20:45:00,526.7083740234375,559.308
2018-08-09 21:00:00,515.6803588867188,570.0840000000002
2018-08-09 21:15:00,507.4364929199219,544.0880000000002
2018-08-09 21:30:00,503.736328125,543.464
2018-08-09 21:45:00,496.33642578125,536.956
2018-08-09 22:00:00,487.6343994140625,516.096
2018-08-09 22:15:00,483.93597412109375,505.424
2018-08-09 22:30:00,472.3061218261719,504.192
2018-08-09 22:45:00,476.095703125,497.112
2018-08-09 23:00:00,468.7865905761719,486.236
2018-08-09 23:15:00,462.83319091796875,470.128
2018-08-09 23:30:00,451.8321228027344,454.72
2018-08-09 23:45:00,445.8170166015625,444.88
2018-08-10 00:00:00,428.96844482421875,441.54
2018-08-10 00:15:00,424.14630126953125,435.964
2018-08-10 00:30:00,412.9966125488281,431.92
2018-08-10 00:45:00,415.8355712890625,430.212
2018-08-10 01:00:00,414.3077087402344,425.18800000000016
2018-08-10 01:15:00,411.6671142578125,422.692
2018-08-10 01:30:00,410.0416259765625,417.98
2018-08-10 01:45:00,408.90338134765625,415.816
2018-08-10 02:00:00,407.5533142089844,414.684
2018-08-10 02:15:00,404.686767578125,411.516
2018-08-10 02:30:00,402.83563232421875,410.504
2018-08-10 02:45:00,399.1033935546875,408.324
2018-08-10 03:00:00,397.28607177734375,404.784
2018-08-10 03:15:00,394.7452087402344,399.58
2018-08-10 03:30:00,393.4673156738281,399.804
2018-08-10 03:45:00,393.4965515136719,399.208
2018-08-10 04:00:00,394.7639465332031,392.204
2018-08-10 04:15:00,394.6409912109375,392.624
2018-08-10 04:30:00,396.5526123046875,397.352
2018-08-10 04:45:00,398.8749084472656,393.984
2018-08-10 05:00:00,401.50384521484375,395.68
2018-08-10 05:15:00,407.23193359375,399.652
2018-08-10 05:30:00,412.8155517578125,409.104
2018-08-10 05:45:00,418.4091491699219,402.392
2018-08-10 06:00:00,430.0008239746094,377.892
2018-08-10 06:15:00,439.03167724609375,391.192
2018-08-10 06:30:00,446.8893127441406,408.616
2018-08-10 06:45:00,451.11492919921875,414.924
2018-08-10 07:00:00,447.7586669921875,420.74
2018-08-10 07:15:00,450.56494140625,416.048
2018-08-10 07:30:00,453.776611328125,413.4
2018-08-10 07:45:00,450.1509704589844,407.492
2018-08-10 08:00:00,444.712890625,385.316
2018-08-10 08:15:00,443.0299072265625,412.328
2018-08-10 08:30:00,450.36529541015625,418.908
2018-08-10 08:45:00,456.2965087890625,421.848
2018-08-10 09:00:00,464.5907287597656,429.372
2018-08-10 09:15:00,473.9122314453125,436.18800000000016
2018-08-10 09:30:00,474.8641357421875,443.88
2018-08-10 09:45:00,478.4089050292969,451.788
2018-08-10 10:00:00,481.645751953125,464.164
2018-08-10 10:15:00,483.9573059082031,470.128
2018-08-10 10:30:00,483.5810852050781,470.052
2018-08-10 10:45:00,484.2956848144531,466.648
2018-08-10 11:00:00,490.4814758300781,464.164
2018-08-10 11:15:00,484.7166442871094,462.604
2018-08-10 11:30:00,483.5181579589844,459.548
2018-08-10 11:45:00,480.1025390625,462.092
2018-08-10 12:00:00,481.5232238769531,463.832
2018-08-10 12:15:00,478.9912414550781,447.476
2018-08-10 12:30:00,472.69903564453125,426.92800000000005
2018-08-10 12:45:00,470.69903564453125,437.132
2018-08-10 13:00:00,477.1213073730469,440.408
2018-08-10 13:15:00,471.17010498046875,437.452
2018-08-10 13:30:00,467.4100341796875,442.392
2018-08-10 13:45:00,470.4838562011719,446.716
2018-08-10 14:00:00,472.3315124511719,456.432
2018-08-10 14:15:00,476.2342834472656,460.24800000000016
2018-08-10 14:30:00,474.265625,459.332
2018-08-10 14:45:00,475.8103332519531,460.656
2018-08-10 15:00:00,477.6009826660156,453.656
2018-08-10 15:15:00,473.19927978515625,442.652
2018-08-10 15:30:00,471.1296081542969,436.452
2018-08-10 15:45:00,470.560302734375,431.028
2018-08-10 16:00:00,469.2796936035156,428.132
2018-08-10 16:15:00,472.139892578125,424.536
2018-08-10 16:30:00,472.96978759765625,431.44
2018-08-10 16:45:00,471.55340576171875,435.844
2018-08-10 17:00:00,471.1393737792969,434.916
2018-08-10 17:15:00,471.53045654296875,438.78
2018-08-10 17:30:00,469.8472595214844,443.74800000000016
2018-08-10 17:45:00,465.5002136230469,455.12
2018-08-10 18:00:00,469.0721130371094,453.648
2018-08-10 18:15:00,480.0248107910156,454.992
2018-08-10 18:30:00,490.4520263671875,455.696
2018-08-10 18:45:00,503.55438232421875,466.008
2018-08-10 19:00:00,525.1363525390625,481.476
2018-08-10 19:15:00,543.9258422851562,463.984
2018-08-10 19:30:00,556.2802734375,525.612
2018-08-10 19:45:00,561.0007934570312,555.464
2018-08-10 20:00:00,566.2247924804688,585.7280000000002
2018-08-10 20:15:00,569.830322265625,554.572
2018-08-10 20:30:00,564.1273193359375,545.22
2018-08-10 20:45:00,563.2593994140625,516.836
2018-08-10 21:00:00,554.8382568359375,521.84
2018-08-10 21:15:00,539.9795532226562,532.36
2018-08-10 21:30:00,533.4476928710938,525.476
2018-08-10 21:45:00,528.8965454101562,522.32
2018-08-10 22:00:00,515.3004760742188,513.948
2018-08-10 22:15:00,510.16412353515625,507.228
2018-08-10 22:30:00,501.68426513671875,497.116
2018-08-10 22:45:00,487.8122253417969,483.416
2018-08-10 23:00:00,479.5991516113281,454.292
2018-08-10 23:15:00,479.19781494140625,445.768
2018-08-10 23:30:00,463.1280212402344,443.1
2018-08-10 23:45:00,458.3323059082031,434.072
2018-08-11 00:00:00,446.1789855957031,431.604
2018-08-11 00:15:00,438.773681640625,426.784
2018-08-11 00:30:00,435.8657531738281,423.3
2018-08-11 00:45:00,434.4094543457031,413.38
2018-08-11 01:00:00,426.4410095214844,409.788
2018-08-11 01:15:00,423.3913269042969,409.328
2018-08-11 01:30:00,421.0373840332031,408.4
2018-08-11 01:45:00,418.6434020996094,403.244
2018-08-11 02:00:00,415.5360107421875,405.1
2018-08-11 02:15:00,411.03271484375,398.924
2018-08-11 02:30:00,408.00030517578125,401.668
2018-08-11 02:45:00,406.40240478515625,399.864
2018-08-11 03:00:00,404.1605529785156,395.212
2018-08-11 03:15:00,402.908203125,387.04
2018-08-11 03:30:00,400.8214111328125,391.036
2018-08-11 03:45:00,399.5927429199219,393.632
2018-08-11 04:00:00,396.82476806640625,386.772
2018-08-11 04:15:00,395.9238586425781,384.848
2018-08-11 04:30:00,395.30902099609375,386.78
2018-08-11 04:45:00,395.2872619628906,388.92
2018-08-11 05:00:00,396.5724792480469,391.696
2018-08-11 05:15:00,397.1484375,395.364
2018-08-11 05:30:00,402.0308532714844,398.568
2018-08-11 05:45:00,408.53912353515625,400.508
2018-08-11 06:00:00,416.0570983886719,416.68
2018-08-11 06:15:00,423.7409973144531,430.236
2018-08-11 06:30:00,429.6242370605469,439.952
2018-08-11 06:45:00,432.2508239746094,430.288
2018-08-11 07:00:00,429.96405029296875,433.38
2018-08-11 07:15:00,429.94171142578125,435.632
2018-08-11 07:30:00,433.92120361328125,431.26
2018-08-11 07:45:00,433.20166015625,430.32
2018-08-11 08:00:00,429.487548828125,410.324
2018-08-11 08:15:00,433.5738220214844,415.472
2018-08-11 08:30:00,439.44659423828125,433.4
2018-08-11 08:45:00,447.8605651855469,434.832
2018-08-11 09:00:00,456.8291931152344,441.412
2018-08-11 09:15:00,459.90777587890625,445.08
2018-08-11 09:30:00,468.1957702636719,457.5
2018-08-11 09:45:00,472.42596435546875,434.8
2018-08-11 10:00:00,477.9410400390625,453.12
2018-08-11 10:15:00,472.9982604980469,459.964
2018-08-11 10:30:00,478.15203857421875,454.612
2018-08-11 10:45:00,471.3447570800781,461.80800000000005
2018-08-11 11:00:00,478.0146789550781,470.9
2018-08-11 11:15:00,479.6932678222656,478.504
2018-08-11 11:30:00,478.13519287109375,482.80800000000005
2018-08-11 11:45:00,471.58013916015625,480.1
2018-08-11 12:00:00,474.3600769042969,477.148
2018-08-11 12:15:00,472.6409606933594,471.52
2018-08-11 12:30:00,471.48846435546875,471.96
2018-08-11 12:45:00,468.9756774902344,469.156
2018-08-11 13:00:00,463.56243896484375,468.5
2018-08-11 13:15:00,461.5104064941406,456.28
2018-08-11 13:30:00,460.9166259765625,451.924
2018-08-11 13:45:00,460.51373291015625,455.876
2018-08-11 14:00:00,464.7209777832031,461.116
2018-08-11 14:15:00,467.0900573730469,461.996
2018-08-11 14:30:00,463.855712890625,459.132
2018-08-11 14:45:00,458.3790283203125,451.296
2018-08-11 15:00:00,457.6741638183594,448.044
2018-08-11 15:15:00,454.79168701171875,443.72
2018-08-11 15:30:00,447.7594299316406,454.888
2018-08-11 15:45:00,437.1098937988281,448.3
2018-08-11 16:00:00,437.45294189453125,438.98
2018-08-11 16:15:00,436.2896728515625,438.012
2018-08-11 16:30:00,435.4068908691406,460.604
2018-08-11 16:45:00,437.9052734375,440.78
2018-08-11 17:00:00,436.9315185546875,424.888
2018-08-11 17:15:00,438.5028381347656,437.14
2018-08-11 17:30:00,440.2722473144531,448.1
2018-08-11 17:45:00,441.7854309082031,451.612
2018-08-11 18:00:00,447.0212097167969,457.38
2018-08-11 18:15:00,446.7862243652344,463.788
2018-08-11 18:30:00,453.54669189453125,476.412
2018-08-11 18:45:00,465.173828125,488.384
2018-08-11 19:00:00,488.1883239746094,502.204
2018-08-11 19:15:00,513.9750366210938,513.924
2018-08-11 19:30:00,522.028564453125,523.216
2018-08-11 19:45:00,514.266357421875,532.54
2018-08-11 20:00:00,513.6107788085938,541.82
2018-08-11 20:15:00,533.691650390625,536.064
2018-08-11 20:30:00,540.7095947265625,526.8919999999998
2018-08-11 20:45:00,535.0159301757812,523.812
2018-08-11 21:00:00,525.9931030273438,517.488
2018-08-11 21:15:00,518.4524536132812,508.36
2018-08-11 21:30:00,504.6849365234375,495.636
2018-08-11 21:45:00,507.9890441894531,484.516
2018-08-11 22:00:00,502.0900573730469,482.608
2018-08-11 22:15:00,489.6569519042969,481.516
2018-08-11 22:30:00,482.3697204589844,475.112
2018-08-11 22:45:00,475.0545959472656,472.168
2018-08-11 23:00:00,466.64300537109375,462.544
2018-08-11 23:15:00,456.4126281738281,453.548
2018-08-11 23:30:00,446.7778015136719,449.292
2018-08-11 23:45:00,434.8482666015625,438.636
2018-08-12 00:00:00,424.103515625,424.816
2018-08-12 00:15:00,419.9677734375,411.48800000000006
2018-08-12 00:30:00,417.646240234375,413.856
2018-08-12 00:45:00,413.4654235839844,410.136
2018-08-12 01:00:00,408.05120849609375,409.06
2018-08-12 01:15:00,405.763427734375,400.896
2018-08-12 01:30:00,404.27386474609375,397.892
2018-08-12 01:45:00,404.7900390625,400.22
2018-08-12 02:00:00,406.97247314453125,403.376
2018-08-12 02:15:00,403.4096984863281,392.536
2018-08-12 02:30:00,403.6101379394531,393.956
2018-08-12 02:45:00,403.51190185546875,393.948
2018-08-12 03:00:00,403.28607177734375,386.476
2018-08-12 03:15:00,401.537109375,388.54
2018-08-12 03:30:00,397.2333068847656,389.52
2018-08-12 03:45:00,392.5126037597656,390.276
2018-08-12 04:00:00,391.1936340332031,384.388
2018-08-12 04:15:00,391.690673828125,385.476
2018-08-12 04:30:00,391.345458984375,384.516
2018-08-12 04:45:00,389.3479919433594,378.94
2018-08-12 05:00:00,390.6817932128906,382.288
2018-08-12 05:15:00,391.6764831542969,382.732
2018-08-12 05:30:00,395.04248046875,382.32
2018-08-12 05:45:00,395.54547119140625,382.084
2018-08-12 06:00:00,396.1567077636719,392.804
2018-08-12 06:15:00,398.2880554199219,392.404
2018-08-12 06:30:00,397.88055419921875,360.468
2018-08-12 06:45:00,399.2288513183594,344.396
2018-08-12 07:00:00,399.7981262207031,355.636
2018-08-12 07:15:00,395.1813049316406,362.172
2018-08-12 07:30:00,387.7777099609375,374.392
2018-08-12 07:45:00,391.0607604980469,391.948
2018-08-12 08:00:00,387.8258361816406,370.82
2018-08-12 08:15:00,383.9471740722656,394.256
2018-08-12 08:30:00,379.5170593261719,403.26
2018-08-12 08:45:00,377.7312316894531,404.028
2018-08-12 09:00:00,376.4134216308594,404.76
2018-08-12 09:15:00,382.2525329589844,409.708
2018-08-12 09:30:00,386.4974670410156,417.584
2018-08-12 09:45:00,379.9365539550781,413.732
2018-08-12 10:00:00,375.9476623535156,418.976
2018-08-12 10:15:00,374.00775146484375,390.004
2018-08-12 10:30:00,381.5087890625,395.36800000000005
2018-08-12 10:45:00,391.229736328125,406.5
2018-08-12 11:00:00,395.8460388183594,415.34
2018-08-12 11:15:00,397.0293884277344,443.972
2018-08-12 11:30:00,393.02484130859375,388.668
2018-08-12 11:45:00,401.1351623535156,375.1
2018-08-12 12:00:00,412.1881408691406,365.008
2018-08-12 12:15:00,410.314453125,381.656
2018-08-12 12:30:00,403.3695983886719,402.7
2018-08-12 12:45:00,394.6595458984375,410.24
2018-08-12 13:00:00,390.4183654785156,403.836
2018-08-12 13:15:00,384.9188537597656,394.6
2018-08-12 13:30:00,384.2693176269531,361.256
2018-08-12 13:45:00,378.3077697753906,351.48400000000015
2018-08-12 14:00:00,375.34112548828125,360.924
2018-08-12 14:15:00,366.3238525390625,365.532
2018-08-12 14:30:00,369.7691345214844,361.456
2018-08-12 14:45:00,369.1852111816406,361.408
2018-08-12 15:00:00,365.4337463378906,352.936
2018-08-12 15:15:00,359.1846008300781,343.412
2018-08-12 15:30:00,362.0997314453125,347.004
2018-08-12 15:45:00,363.17608642578125,352.196
2018-08-12 16:00:00,361.1177062988281,352.872
2018-08-12 16:15:00,356.7240295410156,351.844
2018-08-12 16:30:00,360.4418640136719,351.976
2018-08-12 16:45:00,361.677734375,348.30400000000014
2018-08-12 17:00:00,367.8177490234375,346.212
2018-08-12 17:15:00,375.64764404296875,331.34
2018-08-12 17:30:00,373.683349609375,354.57199999999995
2018-08-12 17:45:00,375.07568359375,369.676
2018-08-12 18:00:00,381.3011779785156,383.336
2018-08-12 18:15:00,382.0104675292969,392.384
2018-08-12 18:30:00,391.947265625,399.452
2018-08-12 18:45:00,405.3532409667969,416.536
2018-08-12 19:00:00,424.17242431640625,438.296
2018-08-12 19:15:00,429.4986572265625,453.72
2018-08-12 19:30:00,455.6102294921875,459.648
2018-08-12 19:45:00,449.56982421875,408.336
2018-08-12 20:00:00,455.78424072265625,404.116
2018-08-12 20:15:00,464.12548828125,439.232
2018-08-12 20:30:00,460.096435546875,464.864
2018-08-12 20:45:00,457.0009460449219,451.088
2018-08-12 21:00:00,461.0393371582031,439.912
2018-08-12 21:15:00,471.2774963378906,432.016
2018-08-12 21:30:00,464.3889465332031,433.392
2018-08-12 21:45:00,457.3018798828125,405.412
2018-08-12 22:00:00,453.18975830078125,395.608
2018-08-12 22:15:00,446.7342834472656,394.316
2018-08-12 22:30:00,437.8948059082031,390.312
2018-08-12 22:45:00,435.1534118652344,383.9
2018-08-12 23:00:00,426.1802978515625,368.956
2018-08-12 23:15:00,426.4397888183594,357.22
2018-08-12 23:30:00,423.4951171875,355.3
2018-08-12 23:45:00,426.8831787109375,355.01199999999994
2018-08-13 00:00:00,416.9820251464844,351.3
2018-08-13 00:15:00,411.07818603515625,350.352
2018-08-13 00:30:00,395.82177734375,352.432
2018-08-13 00:45:00,385.7872314453125,351.26
2018-08-13 01:00:00,381.1806945800781,350.8
2018-08-13 01:15:00,378.673095703125,347.78
2018-08-13 01:30:00,376.8863525390625,341.876
2018-08-13 01:45:00,374.2232666015625,340.196
2018-08-13 02:00:00,373.4873046875,347.524
2018-08-13 02:15:00,370.430419921875,345.38
2018-08-13 02:30:00,368.4679260253906,351.76
2018-08-13 02:45:00,366.1898498535156,351.208
2018-08-13 03:00:00,366.1512145996094,346.30800000000005
2018-08-13 03:15:00,366.4045104980469,350.42800000000005
2018-08-13 03:30:00,364.4338073730469,348.444
2018-08-13 03:45:00,361.7825622558594,342.384
2018-08-13 04:00:00,358.93743896484375,326.76
2018-08-13 04:15:00,359.5057067871094,320.28
2018-08-13 04:30:00,360.6585693359375,318.436
2018-08-13 04:45:00,359.8096618652344,318.056
2018-08-13 05:00:00,361.2198791503906,321.448
2018-08-13 05:15:00,361.9455261230469,328.036
2018-08-13 05:30:00,364.2213134765625,330.92800000000005
2018-08-13 05:45:00,373.54644775390625,340.964
2018-08-13 06:00:00,379.9370422363281,350.3
2018-08-13 06:15:00,391.439697265625,352.088
2018-08-13 06:30:00,400.5985107421875,362.364
2018-08-13 06:45:00,410.1249694824219,374.896
2018-08-13 07:00:00,413.2127685546875,380.812
2018-08-13 07:15:00,416.3606872558594,381.376
2018-08-13 07:30:00,417.5914306640625,378.32
2018-08-13 07:45:00,420.12396240234375,405.168
2018-08-13 08:00:00,418.5352783203125,390.872
2018-08-13 08:15:00,427.0067443847656,382.168
2018-08-13 08:30:00,431.5496520996094,395.86800000000005
2018-08-13 08:45:00,438.7585144042969,404.22
2018-08-13 09:00:00,448.546142578125,412.196
2018-08-13 09:15:00,453.0985107421875,426.36800000000005
2018-08-13 09:30:00,460.0131530761719,434.968
2018-08-13 09:45:00,459.2522277832031,436.58
2018-08-13 10:00:00,466.9382019042969,434.544
2018-08-13 10:15:00,464.981201171875,445.544
2018-08-13 10:30:00,470.7412414550781,439.104
2018-08-13 10:45:00,463.8930358886719,427.852
2018-08-13 11:00:00,465.67138671875,410.712
2018-08-13 11:15:00,463.4514465332031,415.4
2018-08-13 11:30:00,463.48638916015625,422.568
2018-08-13 11:45:00,463.6517639160156,426.224
2018-08-13 12:00:00,468.9232482910156,430.14
2018-08-13 12:15:00,466.5357971191406,424.508
2018-08-13 12:30:00,460.9601135253906,435.536
2018-08-13 12:45:00,461.2558898925781,447.692
2018-08-13 13:00:00,455.91375732421875,437.9
2018-08-13 13:15:00,452.6474304199219,423.064
2018-08-13 13:30:00,449.2511901855469,419.472
2018-08-13 13:45:00,452.17376708984375,429.144
2018-08-13 14:00:00,452.859375,436.444
2018-08-13 14:15:00,448.59637451171875,437.80800000000005
2018-08-13 14:30:00,446.2038879394531,434.5
2018-08-13 14:45:00,448.1591796875,429.096
2018-08-13 15:00:00,447.0669860839844,433.212
2018-08-13 15:15:00,442.8253479003906,428.388
2018-08-13 15:30:00,437.3928527832031,428.548
2018-08-13 15:45:00,438.12646484375,424.324
2018-08-13 16:00:00,443.6433410644531,428.24800000000016
2018-08-13 16:15:00,443.01123046875,439.344
2018-08-13 16:30:00,436.8394775390625,447.42800000000005
2018-08-13 16:45:00,435.8153991699219,445.108
2018-08-13 17:00:00,437.56317138671875,436.584
2018-08-13 17:15:00,437.44036865234375,436.272
2018-08-13 17:30:00,435.97943115234375,432.68800000000016
2018-08-13 17:45:00,442.9371032714844,442.716
2018-08-13 18:00:00,447.4909973144531,447.976
2018-08-13 18:15:00,461.9350280761719,460.404
2018-08-13 18:30:00,470.77349853515625,470.48
2018-08-13 18:45:00,485.9106140136719,485.436
2018-08-13 19:00:00,503.1091003417969,489.532
2018-08-13 19:15:00,518.4659423828125,445.084
2018-08-13 19:30:00,533.5223999023438,463.996
2018-08-13 19:45:00,541.2555541992188,518.0319999999998
2018-08-13 20:00:00,541.7637329101562,522.36
2018-08-13 20:15:00,537.6248168945312,529.196
2018-08-13 20:30:00,532.5602416992188,525.76
2018-08-13 20:45:00,529.5587158203125,531.528
2018-08-13 21:00:00,518.6065673828125,486.932
2018-08-13 21:15:00,504.0946960449219,488.276
2018-08-13 21:30:00,492.92913818359375,486.388
2018-08-13 21:45:00,491.406494140625,470.848
2018-08-13 22:00:00,484.76971435546875,486.588
2018-08-13 22:15:00,476.922119140625,480.668
2018-08-13 22:30:00,466.5403137207031,473.884
2018-08-13 22:45:00,465.72479248046875,459.32
2018-08-13 23:00:00,458.3384094238281,450.268
2018-08-13 23:15:00,438.9873962402344,439.024
2018-08-13 23:30:00,432.1568908691406,429.108
2018-08-13 23:45:00,418.8668212890625,418.724
2018-08-14 00:00:00,415.1537170410156,412.84
2018-08-14 00:15:00,413.7998046875,400.796
2018-08-14 00:30:00,409.6211853027344,394.14
2018-08-14 00:45:00,405.41650390625,394.968
2018-08-14 01:00:00,400.9527893066406,394.36
2018-08-14 01:15:00,400.9809265136719,384.892
2018-08-14 01:30:00,399.31304931640625,384.964
2018-08-14 01:45:00,400.0490417480469,385.708
2018-08-14 02:00:00,397.9131774902344,384.628
2018-08-14 02:15:00,394.9674987792969,388.048
2018-08-14 02:30:00,396.2946472167969,391.932
2018-08-14 02:45:00,395.33648681640625,387.696
2018-08-14 03:00:00,394.2516174316406,380.196
2018-08-14 03:15:00,391.4505615234375,380.572
2018-08-14 03:30:00,388.4504089355469,379.108
2018-08-14 03:45:00,385.2964172363281,380.08
2018-08-14 04:00:00,384.46630859375,379.072
2018-08-14 04:15:00,383.4685974121094,378.556
2018-08-14 04:30:00,381.97918701171875,378.36
2018-08-14 04:45:00,380.0238342285156,376.892
2018-08-14 05:00:00,380.0067138671875,375.696
2018-08-14 05:15:00,383.5349426269531,382.96
2018-08-14 05:30:00,387.91162109375,389.104
2018-08-14 05:45:00,394.21588134765625,395.764
2018-08-14 06:00:00,399.9201354980469,409.876
2018-08-14 06:15:00,407.3019104003906,423.332
2018-08-14 06:30:00,417.7270202636719,432.664
2018-08-14 06:45:00,428.31243896484375,442.576
2018-08-14 07:00:00,428.4583435058594,445.168
2018-08-14 07:15:00,430.7715759277344,440.176
2018-08-14 07:30:00,422.2109680175781,441.276
2018-08-14 07:45:00,425.36956787109375,440.06
2018-08-14 08:00:00,424.43621826171875,423.332
2018-08-14 08:15:00,428.1045837402344,442.812
2018-08-14 08:30:00,436.69818115234375,451.228
2018-08-14 08:45:00,442.19268798828125,477.16
2018-08-14 09:00:00,443.1759948730469,472.676
2018-08-14 09:15:00,453.30670166015625,471.792
2018-08-14 09:30:00,461.8669738769531,477.132
2018-08-14 09:45:00,458.34710693359375,479.98
2018-08-14 10:00:00,463.4473876953125,477.084
2018-08-14 10:15:00,462.5626220703125,480.44
2018-08-14 10:30:00,464.73504638671875,476.92800000000005
2018-08-14 10:45:00,469.16302490234375,481.7
2018-08-14 11:00:00,462.3998718261719,488.124
2018-08-14 11:15:00,455.5772399902344,480.508
2018-08-14 11:30:00,452.979248046875,477.712
2018-08-14 11:45:00,463.0715637207031,481.528
2018-08-14 12:00:00,466.0954284667969,485.668
2018-08-14 12:15:00,459.9054260253906,483.7
2018-08-14 12:30:00,455.6893615722656,478.16
2018-08-14 12:45:00,453.15753173828125,480.112
2018-08-14 13:00:00,451.2417907714844,476.972
2018-08-14 13:15:00,446.9698791503906,466.48
2018-08-14 13:30:00,448.0265197753906,464.148
2018-08-14 13:45:00,451.216552734375,458.58
2018-08-14 14:00:00,454.8564147949219,453.088
2018-08-14 14:15:00,453.2138366699219,445.672
2018-08-14 14:30:00,456.6448669433594,455.356
2018-08-14 14:45:00,452.27349853515625,475.908
2018-08-14 15:00:00,457.5581359863281,476.38
2018-08-14 15:15:00,454.7657165527344,470.74800000000016
2018-08-14 15:30:00,452.3996276855469,467.932
2018-08-14 15:45:00,454.29400634765625,477.86800000000005
2018-08-14 16:00:00,457.83770751953125,471.216
2018-08-14 16:15:00,457.3534851074219,474.816
2018-08-14 16:30:00,458.47515869140625,479.684
2018-08-14 16:45:00,456.05322265625,487.504
2018-08-14 17:00:00,462.3183288574219,490.624
2018-08-14 17:15:00,463.8773193359375,485.392
2018-08-14 17:30:00,465.656494140625,470.5
2018-08-14 17:45:00,469.3099060058594,469.692
2018-08-14 18:00:00,469.6605224609375,474.656
2018-08-14 18:15:00,472.4788513183594,473.084
2018-08-14 18:30:00,468.78497314453125,492.764
2018-08-14 18:45:00,482.8226623535156,505.776
2018-08-14 19:00:00,501.47747802734375,523.6
2018-08-14 19:15:00,513.4344482421875,542.3
2018-08-14 19:30:00,525.1880493164062,542.644
2018-08-14 19:45:00,532.937255859375,546.168
2018-08-14 20:00:00,534.0286254882812,539.004
2018-08-14 20:15:00,535.1914672851562,538.8
2018-08-14 20:30:00,538.4510498046875,521.02
2018-08-14 20:45:00,530.0368041992188,515.352
2018-08-14 21:00:00,515.2544555664062,534.9
2018-08-14 21:15:00,512.7123413085938,514.5
2018-08-14 21:30:00,500.0706787109375,511.784
2018-08-14 21:45:00,488.2729797363281,507.36
2018-08-14 22:00:00,488.6097717285156,502.036
2018-08-14 22:15:00,482.6883850097656,493.236
2018-08-14 22:30:00,477.5124206542969,478.584
2018-08-14 22:45:00,472.7454528808594,466.54
2018-08-14 23:00:00,462.9948425292969,458.272
2018-08-14 23:15:00,451.2521667480469,454.62
2018-08-14 23:30:00,437.3096923828125,447.744
2018-08-14 23:45:00,422.0866394042969,433.444
2018-08-15 00:00:00,420.2691345214844,427.76
2018-08-15 00:15:00,415.2918701171875,418.416
2018-08-15 00:30:00,413.90594482421875,414.508
2018-08-15 00:45:00,404.52435302734375,401.212
2018-08-15 01:00:00,401.8819274902344,398.30800000000005
2018-08-15 01:15:00,400.0431823730469,395.996
2018-08-15 01:30:00,399.2588195800781,393.38
2018-08-15 01:45:00,398.80438232421875,398.156
2018-08-15 02:00:00,396.43988037109375,393.98800000000006
2018-08-15 02:15:00,391.6585388183594,386.172
2018-08-15 02:30:00,389.7257385253906,393.616
2018-08-15 02:45:00,388.0445556640625,388.316
2018-08-15 03:00:00,388.25628662109375,384.68800000000016
2018-08-15 03:15:00,386.325927734375,381.584
2018-08-15 03:30:00,385.76324462890625,387.664
2018-08-15 03:45:00,383.1285095214844,380.544
2018-08-15 04:00:00,382.4606018066406,368.752
2018-08-15 04:15:00,382.8894348144531,375.004
2018-08-15 04:30:00,383.1256408691406,377.78
2018-08-15 04:45:00,380.7513122558594,375.74800000000016
2018-08-15 05:00:00,379.46917724609375,378.384
2018-08-15 05:15:00,381.15972900390625,383.86
2018-08-15 05:30:00,385.6157531738281,383.856
2018-08-15 05:45:00,387.45526123046875,390.024
2018-08-15 06:00:00,391.0295715332031,400.784
2018-08-15 06:15:00,392.88323974609375,405.896
2018-08-15 06:30:00,395.327880859375,414.36
2018-08-15 06:45:00,402.5118103027344,415.548
2018-08-15 07:00:00,407.7003479003906,417.152
2018-08-15 07:15:00,405.63885498046875,414.376
2018-08-15 07:30:00,409.07672119140625,409.776
2018-08-15 07:45:00,409.0728454589844,397.06
2018-08-15 08:00:00,408.3332214355469,364.54
2018-08-15 08:15:00,413.3745422363281,385.936
2018-08-15 08:30:00,416.1300964355469,386.588
2018-08-15 08:45:00,420.1346130371094,382.616
2018-08-15 09:00:00,424.1152648925781,381.828
2018-08-15 09:15:00,428.3354797363281,381.028
2018-08-15 09:30:00,430.48828125,379.012
2018-08-15 09:45:00,428.4682312011719,375.64
2018-08-15 10:00:00,426.970458984375,381.216
2018-08-15 10:15:00,426.4582214355469,380.004
2018-08-15 10:30:00,423.09283447265625,381.424
2018-08-15 10:45:00,430.5050354003906,382.736
2018-08-15 11:00:00,420.9791564941406,386.1
2018-08-15 11:15:00,416.1581115722656,382.584
2018-08-15 11:30:00,417.60687255859375,377.9
2018-08-15 11:45:00,418.5888671875,379.396
2018-08-15 12:00:00,421.6199035644531,386.448
2018-08-15 12:15:00,419.5045471191406,385.764
2018-08-15 12:30:00,424.5440368652344,381.68
2018-08-15 12:45:00,425.78302001953125,378.848
2018-08-15 13:00:00,423.44158935546875,375.94
2018-08-15 13:15:00,415.6456298828125,352.664
2018-08-15 13:30:00,412.7178955078125,342.852
2018-08-15 13:45:00,405.0500183105469,345.2
2018-08-15 14:00:00,409.85467529296875,343.80800000000005
2018-08-15 14:15:00,404.85235595703125,336.064
2018-08-15 14:30:00,407.0371398925781,336.48
2018-08-15 14:45:00,405.746337890625,335.608
2018-08-15 15:00:00,405.58251953125,337.588
2018-08-15 15:15:00,406.114501953125,334.52
2018-08-15 15:30:00,411.2567138671875,333.28
2018-08-15 15:45:00,411.230712890625,330.7480000000001
2018-08-15 16:00:00,414.9605712890625,337.852
2018-08-15 16:15:00,419.51019287109375,339.78
2018-08-15 16:30:00,420.2384338378906,341.66
2018-08-15 16:45:00,417.7713928222656,340.736
2018-08-15 17:00:00,417.4319152832031,343.76
2018-08-15 17:15:00,419.0122985839844,345.66
2018-08-15 17:30:00,419.4188537597656,341.82
2018-08-15 17:45:00,419.3939208984375,346.88800000000015
2018-08-15 18:00:00,414.5346374511719,357.75199999999984
2018-08-15 18:15:00,426.58905029296875,366.744
2018-08-15 18:30:00,438.0574645996094,394.404
2018-08-15 18:45:00,447.8133850097656,407.26
2018-08-15 19:00:00,450.7480773925781,427.56
2018-08-15 19:15:00,448.35791015625,441.212
2018-08-15 19:30:00,455.31439208984375,453.668
2018-08-15 19:45:00,458.7359313964844,454.876
2018-08-15 20:00:00,469.82550048828125,455.196
2018-08-15 20:15:00,470.6925048828125,452.68800000000016
2018-08-15 20:30:00,468.8686828613281,445.884
2018-08-15 20:45:00,463.4978332519531,458.268
2018-08-15 21:00:00,459.6748352050781,425.088
2018-08-15 21:15:00,463.291259765625,409.18800000000016
2018-08-15 21:30:00,461.0255126953125,413.98800000000006
2018-08-15 21:45:00,454.3477783203125,414.94
2018-08-15 22:00:00,447.9668273925781,405.476
2018-08-15 22:15:00,446.5409851074219,396.936
2018-08-15 22:30:00,437.90570068359375,388.768
2018-08-15 22:45:00,435.57391357421875,378.564
2018-08-15 23:00:00,431.6927795410156,372.132
2018-08-15 23:15:00,428.1302490234375,363.552
2018-08-15 23:30:00,423.3606872558594,357.872
2018-08-15 23:45:00,421.4659423828125,352.08
